<?xml version="1.0" encoding="UTF-8" standalone="yes"?>
<addon id="repository.Duplex" name="[COLOR teal]Duplex[/COLOR] Repo" version="0.0.1" provider-name="Kodiplex">
    <extension point="xbmc.addon.repository" name="Mi repositorio">
        <info>https://raw.githubusercontent.com/kodiplexkodi/REPO-DUPLEX/master/Repositorio/addons.xml</info>
        <checksum>https://raw.githubusercontent.com/kodiplexkodi/REPO-DUPLEX/master/Repositorio/addons.xml.md5</checksum>
        <datadir zip="true">https://raw.githubusercontent.com/kodiplexkodi/REPO-DUPLEX/master/Repositorio/</datadir>
    </extension>
    <extension point="xbmc.addon.metadata">
        <summary>Repo</summary>
        <description></description>
        <disclaimer></disclaimer>
        <platform>all</platform>
    </extension>
</addon>
